{"cameraMode":{"drawMode":0,"name":"Shaded","section":"Shading Mode"},"sceneLighting":false,"audioPlay":false,"sceneViewState":{"showFog":true,"showMaterialUpdate":false,"showSkybox":false,"showFlares":true,"showImageEffects":true,"showParticleSystems":true},"in2DMode":false,"pivot":{"x":0.19546407461166383,"y":0.06646363437175751,"z":0.11945880949497223},"rotation":{"x":-0.04888596013188362,"y":0.85633385181427,"z":-0.08281289786100388,"w":-0.5074828863143921},"size":0.13458096981048585,"orthographic":false}