{"cameraMode":{"drawMode":0,"name":"Shaded","section":"Shading Mode"},"sceneLighting":true,"audioPlay":false,"sceneViewState":{"showFog":true,"showMaterialUpdate":false,"showSkybox":true,"showFlares":true,"showImageEffects":true,"showParticleSystems":true},"in2DMode":false,"pivot":{"x":-14.07973575592041,"y":1.1921578645706177,"z":19.32125473022461},"rotation":{"x":0.16781611740589143,"y":-0.7878444790840149,"z":0.2453622967004776,"w":0.5394712686538696},"size":1.3076696395874024,"orthographic":false}