{"cameraMode":{"drawMode":0,"name":"Shaded","section":"Shading Mode"},"sceneLighting":true,"audioPlay":false,"sceneViewState":{"showFog":true,"showMaterialUpdate":false,"showSkybox":true,"showFlares":true,"showImageEffects":true,"showParticleSystems":true},"in2DMode":false,"pivot":{"x":-679.634521484375,"y":-22.73504066467285,"z":-15.287403106689454},"rotation":{"x":0.00911694299429655,"y":-0.7316868305206299,"z":0.026812799274921418,"w":0.6827362179756165},"size":353.8924255371094,"orthographic":false}