{"cameraMode":{"drawMode":0,"name":"Shaded","section":"Shading Mode"},"sceneLighting":false,"audioPlay":false,"sceneViewState":{"showFog":true,"showMaterialUpdate":false,"showSkybox":false,"showFlares":true,"showImageEffects":true,"showParticleSystems":true},"in2DMode":false,"pivot":{"x":1.1025333404541016,"y":-0.7165020108222961,"z":10.492044448852539},"rotation":{"x":0.009431375190615654,"y":0.8895650506019592,"z":0.016744015738368036,"w":-0.45845526456832888},"size":0.766592800617218,"orthographic":false}