{"cameraMode":{"drawMode":0,"name":"Shaded","section":"Shading Mode"},"sceneLighting":false,"audioPlay":false,"sceneViewState":{"showFog":true,"showMaterialUpdate":false,"showSkybox":false,"showFlares":true,"showImageEffects":true,"showParticleSystems":true},"in2DMode":false,"pivot":{"x":0.0,"y":-1.7881393432617188e-7,"z":0.0000017881393432617188},"rotation":{"x":-0.30044758319854739,"y":-0.337032675743103,"z":0.11442828923463822,"w":-0.8849115371704102},"size":0.7106390595436096,"orthographic":false}